ticker,date,open,high,low,close
SKL,2022-03-31,0.289658,0.295989,0.243249,0.246949
SKL,2022-04-01,0.246874,0.297519,0.235647,0.289787
SKL,2022-04-02,0.290116,0.313725,0.264979,0.277011
SKL,2022-04-03,0.277011,0.288515,0.257803,0.265806
SKL,2022-04-04,0.266006,0.280484,0.246674,0.262579
SKL,2022-04-05,0.262853,0.283085,0.24935,0.255951
SKL,2022-04-06,0.255926,0.258552,0.2104,0.215422
SKL,2022-04-07,0.2154,0.226723,0.2043,0.217222
SKL,2022-04-08,0.217122,0.223322,0.197759,0.198379
SKL,2022-04-09,0.198679,0.203061,0.192558,0.19996
SKL,2022-04-10,0.20024,0.216565,0.196039,0.208563
SKL,2022-04-11,0.208042,0.211121,0.172252,0.172652
SKL,2022-04-12,0.172952,0.203241,0.170951,0.188156
SKL,2022-04-13,0.187856,0.207683,0.182855,0.195559
SKL,2022-04-14,0.195759,0.208763,0.189257,0.19742
SKL,2022-04-15,0.19762,0.206141,0.191519,0.193239
SKL,2022-04-16,0.193039,0.195639,0.184618,0.188938
SKL,2022-04-17,0.188938,0.194139,0.186137,0.186837
SKL,2022-04-18,0.187037,0.187856,0.171734,0.186556
SKL,2022-04-19,0.186556,0.204741,0.185337,0.20114
SKL,2022-04-20,0.20114,0.209842,0.195439,0.20004
SKL,2022-04-21,0.19974,0.214943,0.188319,0.188338
SKL,2022-04-22,0.188219,0.193439,0.183618,0.186819
SKL,2022-04-23,0.186937,0.191138,0.183437,0.185119
SKL,2022-04-24,0.185337,0.188038,0.176118,0.181536
SKL,2022-04-25,0.181536,0.181836,0.165617,0.178336
SKL,2022-04-26,0.178636,0.181436,0.159416,0.161716
SKL,2022-04-27,0.161716,0.1662,0.1549,0.160616
SKL,2022-04-28,0.160716,0.20452,0.158916,0.1969
SKL,2022-04-29,0.19702,0.2039,0.166117,0.166317
SKL,2022-04-30,0.166017,0.171117,0.159216,0.159216
SKL,2022-05-01,0.159,0.159,0.1398,0.1487
SKL,2022-05-02,0.148615,0.154015,0.1399,0.146315
SKL,2022-05-03,0.146415,0.152215,0.137486,0.139686
SKL,2022-05-04,0.139786,0.1573,0.138686,0.1555
SKL,2022-05-05,0.1555,0.163067,0.137373,0.142172
SKL,2022-05-06,0.142386,0.146585,0.134773,0.141586
SKL,2022-05-07,0.141772,0.143686,0.134273,0.134687
SKL,2022-05-08,0.135073,0.137645,0.127736,0.13356
SKL,2022-05-09,0.13356,0.13356,0.109267,0.112078
SKL,2022-05-10,0.112378,0.125162,0.101659,0.108057
SKL,2022-05-11,0.108357,0.117953,0.072516,0.078708
SKL,2022-05-12,0.079106,0.087648,0.0574508,0.074805
SKL,2022-05-13,0.0747975,0.0982918,0.0726034,0.0860535
SKL,2022-05-14,0.0859536,0.0889307,0.074144,0.0813859
SKL,2022-05-15,0.081286,0.0920709,0.0806788,0.0885936
SKL,2022-05-16,0.0887933,0.0915991,0.0803035,0.0841904
SKL,2022-05-17,0.0845899,0.0930975,0.0803793,0.0893836
SKL,2022-05-18,0.0895834,0.0942773,0.0786976,0.079896
SKL,2022-05-19,0.079888,0.0864221,0.0749025,0.0823258
SKL,2022-05-20,0.0818263,0.0864048,0.0751098,0.0760011
SKL,2022-05-21,0.0763083,0.0842903,0.0756092,0.078398
SKL,2022-05-22,0.0783901,0.0859881,0.0769998,0.0846982
SKL,2022-05-23,0.0846982,0.0898101,0.0811026,0.0819016
SKL,2022-05-24,0.0814939,0.0847067,0.0767078,0.0834913
SKL,2022-05-25,0.0836827,0.0869043,0.0804115,0.0848066
SKL,2022-05-26,0.0845984,0.0897012,0.0637234,0.0695234
SKL,2022-05-27,0.0694305,0.0702297,0.0611327,0.0625481
SKL,2022-05-28,0.062494,0.0652427,0.0602181,0.0627335
SKL,2022-05-29,0.0626743,0.0657076,0.0588212,0.0652452
SKL,2022-05-30,0.0652595,0.0713759,0.0644966,0.0703007
SKL,2022-05-31,0.0704417,0.0738343,0.0657544,0.0707534
SKL,2022-06-01,0.0708392,0.0841376,0.0651818,0.0668398
SKL,2022-06-02,0.0668391,0.0680907,0.0646228,0.0680347
SKL,2022-06-03,0.0679598,0.0695866,0.063706,0.0660735
SKL,2022-06-04,0.0661394,0.0733456,0.0637656,0.0692204
SKL,2022-06-05,0.0692383,0.0706511,0.0663725,0.0689501
SKL,2022-06-06,0.069045,0.0729677,0.0671655,0.0700274
SKL,2022-06-07,0.0700704,0.0746128,0.064607,0.073065
SKL,2022-06-08,0.0734632,0.0742422,0.0669728,0.0711737
SKL,2022-06-09,0.0712806,0.0760679,0.0681835,0.0732504
SKL,2022-06-10,0.0732467,0.0748311,0.0647553,0.0665307
SKL,2022-06-11,0.0665307,0.066814,0.0560974,0.0586447
SKL,2022-06-12,0.0586467,0.0588274,0.0521633,0.0548405
SKL,2022-06-13,0.0547126,0.0547126,0.0440131,0.0496699
SKL,2022-06-14,0.0497303,0.0641613,0.0460613,0.0564442
SKL,2022-06-15,0.0565332,0.0615568,0.0517007,0.0585351
SKL,2022-06-16,0.058593,0.0603924,0.0529154,0.0543552
SKL,2022-06-17,0.0518039,0.0548341,0.0513032,0.052421
SKL,2022-06-18,0.0523701,0.0530078,0.0442313,0.0469249
SKL,2022-06-19,0.0469284,0.0520025,0.0457743,0.0505382
SKL,2022-06-20,0.0505152,0.0535664,0.0486217,0.0506093
SKL,2022-06-21,0.0505883,0.0573024,0.049957,0.0540025
SKL,2022-06-22,0.0540525,0.0560619,0.0503196,0.0513526
SKL,2022-06-23,0.0514613,0.057902,0.0504025,0.0555634
SKL,2022-06-24,0.0555734,0.0601616,0.0553856,0.05816
SKL,2022-06-25,0.0581618,0.0607039,0.0545354,0.0578825
SKL,2022-06-26,0.0579174,0.0612577,0.056558,0.0586212
SKL,2022-06-27,0.0584155,0.0604607,0.0550159,0.0564048
SKL,2022-06-28,0.0564493,0.0576075,0.0536717,0.05442
SKL,2022-06-29,0.0544224,0.0544224,0.050309,0.0513668
SKL,2022-06-30,0.0513633,0.0513633,0.0450389,0.0452227
SKL,2022-07-01,0.0453375,0.0488,0.0437,0.046
SKL,2022-07-02,0.0461,0.0462,0.0446,0.0452
SKL,2022-07-05,0.0459764,0.0474687,0.0442019,0.04725
SKL,2022-07-06,0.047252,0.0478433,0.0456288,0.0468864
SKL,2022-07-07,0.0472,0.0504217,0.0468,0.0502
SKL,2022-07-08,0.0498701,0.0504646,0.0469671,0.0475714
SKL,2022-07-09,0.0474175,0.0513542,0.0472289,0.050032
SKL,2022-07-10,0.0500399,0.0503897,0.0459494,0.0468998
SKL,2022-07-11,0.0468609,0.0468629,0.0443365,0.0449016
SKL,2022-07-12,0.0448686,0.0448686,0.042162,0.0424275
SKL,2022-07-13,0.0423853,0.0434965,0.0391219,0.0411548
SKL,2022-07-14,0.0416864,0.0448591,0.0413189,0.0436958
SKL,2022-07-15,0.0436458,0.0527034,0.0435089,0.0497171
SKL,2022-07-16,0.0497451,0.0524855,0.0477537,0.0511467
SKL,2022-07-17,0.0515367,0.0541795,0.0494686,0.0512277
SKL,2022-07-18,0.0510052,0.0560297,0.0501509,0.0527059
SKL,2022-07-19,0.0528621,0.0578737,0.0527743,0.0566681
SKL,2022-07-20,0.057125,0.0613759,0.0535778,0.0546127
SKL,2022-07-21,0.0546463,0.0559392,0.0516836,0.0555329
SKL,2022-07-22,0.0555383,0.0586509,0.0526695,0.0533937
SKL,2022-07-23,0.053382,0.0558848,0.0515571,0.052546
SKL,2022-07-24,0.0525413,0.0546272,0.0523408,0.0540053
SKL,2022-07-25,0.0539833,0.0542769,0.0490264,0.049779
SKL,2022-07-26,0.049776,0.0497765,0.0449541,0.0453208
SKL,2022-07-27,0.0453153,0.0520269,0.0451868,0.0512773
SKL,2022-07-28,0.0512873,0.0557097,0.0508162,0.054771
SKL,2022-07-29,0.054796,0.0576762,0.0537813,0.0568373
SKL,2022-07-30,0.056045,0.0624366,0.0555788,0.0597363
SKL,2022-07-31,0.0597329,0.0618017,0.0580986,0.06091
SKL,2022-08-01,0.0611557,0.0635466,0.0583477,0.0610823
SKL,2022-08-02,0.0606352,0.0618401,0.0562839,0.05888
SKL,2022-08-03,0.058681,0.0609665,0.056013,0.0602971
SKL,2022-08-04,0.0604689,0.0669287,0.0583258,0.0632995
SKL,2022-08-05,0.0625189,0.0671864,0.0617606,0.0671858
SKL,2022-08-06,0.0667377,0.0672284,0.0645073,0.0657875
SKL,2022-08-07,0.0657875,0.0663599,0.0634953,0.0651437
SKL,2022-08-08,0.0658055,0.0697436,0.0641413,0.0673471
SKL,2022-08-09,0.0673181,0.0734237,0.0623646,0.0640398
SKL,2022-08-10,0.0640398,0.0687389,0.0631019,0.0680597
SKL,2022-08-11,0.0680597,0.0786784,0.0676289,0.0753924
SKL,2022-08-12,0.07443,0.0772956,0.0705382,0.0724073
SKL,2022-08-13,0.0724066,0.0738297,0.0705136,0.0714589
SKL,2022-08-14,0.0715299,0.0723633,0.065413,0.0670798
SKL,2022-08-15,0.0673539,0.0696542,0.0654022,0.0663139
SKL,2022-08-16,0.0662736,0.0667097,0.0637735,0.0643348
SKL,2022-08-17,0.0644168,0.0669454,0.0593324,0.0603902
SKL,2022-08-18,0.0594168,0.0610026,0.0570734,0.0576006
SKL,2022-08-19,0.0576058,0.0576918,0.049934,0.0511301
SKL,2022-08-20,0.0511266,0.0525332,0.0482666,0.0492175
SKL,2022-08-21,0.049228,0.0518944,0.049228,0.051612
SKL,2022-08-22,0.051629,0.051981,0.0483881,0.050258
SKL,2022-08-23,0.0502595,0.0519181,0.049563,0.051266
SKL,2022-08-24,0.051273,0.0536627,0.0504385,0.0533198
SKL,2022-08-25,0.0532958,0.0579853,0.0517876,0.0534326
SKL,2022-08-26,0.0534326,0.0537618,0.048408,0.0490019
SKL,2022-08-27,0.0490159,0.0491989,0.0465019,0.0471804
SKL,2022-08-28,0.0472639,0.047924,0.0466227,0.0470505
SKL,2022-08-29,0.047036,0.0486074,0.0448828,0.0483454
SKL,2022-08-30,0.0483239,0.0504935,0.0468291,0.0486664
SKL,2022-08-31,0.0486659,0.050715,0.048185,0.0491915
SKL,2022-09-01,0.049183,0.0494715,0.0465652,0.0474842
SKL,2022-09-02,0.0484731,0.050026,0.0475238,0.0478782
SKL,2022-09-03,0.0478967,0.0487959,0.047891,0.048331
SKL,2022-09-04,0.0483358,0.050913,0.0480528,0.050272
SKL,2022-09-05,0.050311,0.0525073,0.048487,0.0491179
SKL,2022-09-06,0.0491119,0.0517902,0.045273,0.045791
SKL,2022-09-07,0.045791,0.0474568,0.04496,0.0473943
SKL,2022-09-08,0.0476783,0.049511,0.0462845,0.0480802
SKL,2022-09-09,0.0480802,0.052033,0.0480026,0.0511884
SKL,2022-09-10,0.0511919,0.0532374,0.0502316,0.0506756
SKL,2022-09-11,0.0506911,0.0520177,0.0490248,0.0492798
SKL,2022-09-12,0.0492808,0.0517098,0.0479235,0.0491038
SKL,2022-09-13,0.0490597,0.0494679,0.0439114,0.0445569
SKL,2022-09-14,0.0445405,0.0447999,0.041922,0.0430062
SKL,2022-09-15,0.0429457,0.043181,0.0406734,0.0412903
SKL,2022-09-16,0.0412283,0.0414191,0.0400048,0.0410579
SKL,2022-09-17,0.0410579,0.042184,0.0408089,0.041947
SKL,2022-09-18,0.041966,0.042595,0.0343486,0.037311
SKL,2022-09-19,0.0372573,0.039946,0.0360054,0.0390909
SKL,2022-09-20,0.0391789,0.0395149,0.0370284,0.0375988
SKL,2022-09-21,0.037211,0.039857,0.036316,0.036573
SKL,2022-09-22,0.036571,0.038892,0.036241,0.038412
SKL,2022-09-23,0.038402,0.039962,0.0372803,0.0383452
SKL,2022-09-24,0.0384597,0.0393994,0.0381262,0.0384681
SKL,2022-09-25,0.038432,0.038621,0.037191,0.037191
SKL,2022-09-26,0.0371,0.038758,0.036711,0.038178
SKL,2022-09-27,0.038178,0.042893,0.0380782,0.0383692
SKL,2022-09-28,0.038373,0.039823,0.0370629,0.039268
SKL,2022-09-29,0.03964,0.03964,0.038109,0.0390219
SKL,2022-09-30,0.039018,0.040231,0.0387301,0.038901
SKL,2022-10-01,0.0388749,0.039625,0.038498,0.038891
SKL,2022-10-02,0.038902,0.0392159,0.037361,0.038444
SKL,2022-10-03,0.038453,0.0389309,0.037181,0.0388269
SKL,2022-10-04,0.0388129,0.0404891,0.0387457,0.039871
SKL,2022-10-05,0.0396649,0.0398439,0.0382088,0.0388988
SKL,2022-10-06,0.0388998,0.0398992,0.0387142,0.0387716
SKL,2022-10-07,0.0387686,0.0390371,0.0378998,0.0385874
SKL,2022-10-08,0.0385759,0.0388661,0.0380265,0.0380519
SKL,2022-10-09,0.0380879,0.0387287,0.0380118,0.0385857
SKL,2022-10-10,0.0385959,0.0391899,0.0376378,0.0379342
SKL,2022-10-11,0.03794,0.038005,0.0356244,0.0362214
SKL,2022-10-12,0.0362277,0.0366759,0.0357073,0.0359281
SKL,2022-10-13,0.0358831,0.0359424,0.0320364,0.0347098
SKL,2022-10-14,0.0347318,0.0356609,0.0333557,0.033381
SKL,2022-10-15,0.033499,0.0343041,0.0333627,0.0341507
SKL,2022-10-16,0.03415,0.0356494,0.033842,0.0351414
SKL,2022-10-17,0.0351518,0.0363635,0.034907,0.0361567
SKL,2022-10-18,0.036157,0.0366108,0.034325,0.0347431
SKL,2022-10-19,0.0347075,0.034904,0.0335977,0.033742
SKL,2022-10-20,0.0337317,0.0338153,0.0323044,0.0326717
SKL,2022-10-21,0.0326897,0.0331717,0.0312194,0.0330176
SKL,2022-10-22,0.0330176,0.0335113,0.0327906,0.033226
SKL,2022-10-23,0.033234,0.0339944,0.0326583,0.0338764
SKL,2022-10-24,0.0339134,0.0345408,0.033081,0.0335043
SKL,2022-10-25,0.0335043,0.0350596,0.0329323,0.034242
SKL,2022-10-26,0.0344117,0.0357705,0.0341119,0.0355119
SKL,2022-10-27,0.0355189,0.0387919,0.0352485,0.0365892
SKL,2022-10-28,0.0366002,0.0381076,0.0352818,0.0377839
SKL,2022-10-29,0.0377776,0.0392919,0.0374809,0.0378227
SKL,2022-10-30,0.0379161,0.0396875,0.0369924,0.0374835
SKL,2022-10-31,0.0374679,0.038403,0.0368437,0.0375277
SKL,2022-11-01,0.0375277,0.038297,0.0364128,0.0366653
SKL,2022-11-02,0.0366633,0.0370995,0.0346633,0.0351322
SKL,2022-11-03,0.0350949,0.0444818,0.0350792,0.0403556
SKL,2022-11-04,0.040287,0.043188,0.0394092,0.0429534
SKL,2022-11-05,0.0429334,0.0447093,0.041935,0.0431462
SKL,2022-11-06,0.0431562,0.0435343,0.040177,0.0403812
SKL,2022-11-07,0.0403858,0.0411713,0.0389207,0.0395377
SKL,2022-11-08,0.0396089,0.040108,0.0296855,0.033098
SKL,2022-11-09,0.033098,0.0338764,0.0243916,0.0249574
SKL,2022-11-10,0.0251444,0.0311392,0.0244623,0.0291336
SKL,2022-11-11,0.0291568,0.0327453,0.026133,0.0279047
SKL,2022-11-12,0.0279095,0.0286888,0.0256747,0.026624
SKL,2022-11-13,0.026597,0.0282446,0.0255152,0.02781
SKL,2022-11-14,0.027818,0.0302457,0.0260858,0.0282905
SKL,2022-11-15,0.0283031,0.0302028,0.0281537,0.0288072
SKL,2022-11-16,0.0287978,0.0294109,0.0276475,0.028255
SKL,2022-11-17,0.0280289,0.028789,0.02633,0.0264893
SKL,2022-11-18,0.0264863,0.0270325,0.0258168,0.0260487
SKL,2022-11-19,0.026049,0.0262021,0.025594,0.0260399
SKL,2022-11-20,0.0260379,0.0265056,0.0245175,0.0247226
SKL,2022-11-21,0.0247593,0.0247942,0.0237662,0.0242519
SKL,2022-11-22,0.0242519,0.0251612,0.0235287,0.0251373
SKL,2022-11-23,0.0251323,0.0261713,0.0250059,0.0257756
SKL,2022-11-24,0.0257759,0.0274005,0.0257217,0.0260431
SKL,2022-11-25,0.0260418,0.0263478,0.0253192,0.0262803
SKL,2022-11-26,0.0262956,0.0271899,0.0261798,0.0264367
SKL,2022-11-27,0.0264444,0.0272995,0.0262398,0.0267968
SKL,2022-11-28,0.0267933,0.0269043,0.0251132,0.0265259
SKL,2022-11-29,0.0265259,0.0275965,0.026232,0.027047
SKL,2022-11-30,0.027057,0.0281174,0.0266767,0.0278384
SKL,2022-12-01,0.0278571,0.0280388,0.0270862,0.0274066
SKL,2022-12-02,0.0273586,0.0281967,0.0269882,0.0281967
SKL,2022-12-03,0.0282207,0.0284293,0.0270617,0.0271367
SKL,2022-12-04,0.0271244,0.0276415,0.0269424,0.0275248
SKL,2022-12-05,0.0275288,0.0281498,0.02677,0.0270118
SKL,2022-12-06,0.0270067,0.0278754,0.0269655,0.0273185
SKL,2022-12-07,0.027319,0.0275144,0.0258073,0.025915
SKL,2022-12-08,0.025928,0.0260058,0.0249435,0.0256908
SKL,2022-12-09,0.0256958,0.0264041,0.025436,0.0256578
SKL,2022-12-10,0.0256686,0.0272477,0.0256303,0.0258915
SKL,2022-12-11,0.0259245,0.0263613,0.0255996,0.0256316
SKL,2022-12-12,0.0256441,0.0258146,0.0241879,0.0246262
SKL,2022-12-13,0.0246269,0.0248025,0.0231863,0.0245771
SKL,2022-12-14,0.0245881,0.0252619,0.0239672,0.0244547
SKL,2022-12-15,0.0244587,0.0246215,0.0237194,0.0237824
SKL,2022-12-16,0.0237784,0.0239594,0.0208601,0.0216942
SKL,2022-12-17,0.0217272,0.0217942,0.0205755,0.0215848
SKL,2022-12-18,0.021587,0.0218071,0.0215236,0.0216548
SKL,2022-12-19,0.021674,0.022199,0.020321,0.020576
SKL,2022-12-20,0.0205788,0.0221338,0.0205046,0.0220319
SKL,2022-12-21,0.0220331,0.0221227,0.0212318,0.0213469
SKL,2022-12-22,0.0213691,0.022128,0.0212989,0.0219953
SKL,2022-12-23,0.0220013,0.0223695,0.0219349,0.0221606
SKL,2022-12-24,0.0221648,0.02246,0.022049,0.0223167
SKL,2022-12-25,0.0223224,0.0225316,0.0218658,0.0221041
SKL,2022-12-26,0.0221058,0.0225487,0.022091,0.0224335
SKL,2022-12-27,0.0224367,0.0228613,0.021973,0.0220334
SKL,2022-12-28,0.0220214,0.0222981,0.0211779,0.0212405
SKL,2022-12-29,0.0212128,0.0215076,0.0204236,0.0206509
SKL,2022-12-30,0.0206609,0.0207672,0.0197021,0.019924
SKL,2022-12-31,0.0199138,0.0200912,0.019582,0.0198491
SKL,2023-01-01,0.0198571,0.020436,0.0197089,0.0203774
SKL,2023-01-02,0.0203824,0.0212807,0.0200244,0.0210315
SKL,2023-01-03,0.0210453,0.021326,0.0207615,0.0211847
SKL,2023-01-04,0.0211779,0.0224556,0.0211777,0.0219737
SKL,2023-01-05,0.0219647,0.022447,0.0219368,0.0222322
SKL,2023-01-06,0.0222863,0.022732,0.0215818,0.022732
SKL,2023-01-07,0.0227317,0.0229781,0.02254,0.0225766
SKL,2023-01-08,0.0225766,0.0237792,0.0224144,0.0237042
SKL,2023-01-09,0.0237173,0.0257512,0.0237142,0.0250337
SKL,2023-01-10,0.0249848,0.0254617,0.0242748,0.0252475
SKL,2023-01-11,0.02526,0.0254128,0.0240484,0.0251035
SKL,2023-01-12,0.025125,0.026532,0.0246748,0.0262686
SKL,2023-01-13,0.0262686,0.027499,0.0259487,0.0269574
SKL,2023-01-14,0.0269874,0.0297678,0.0269048,0.0282624
SKL,2023-01-15,0.0288289,0.0290935,0.0277552,0.0283422
SKL,2023-01-16,0.0283848,0.0297316,0.0278271,0.0288246
SKL,2023-01-17,0.0288322,0.0300661,0.0284697,0.0295803
SKL,2023-01-18,0.0295803,0.0304084,0.0270307,0.0272566
SKL,2023-01-19,0.0272394,0.0275732,0.0263856,0.0272929
SKL,2023-01-20,0.0272939,0.0342665,0.0271027,0.033594
SKL,2023-01-21,0.033607,0.038502,0.0327528,0.0340668
SKL,2023-01-22,0.0340631,0.0359187,0.0335997,0.0345159
SKL,2023-01-23,0.0345319,0.0362637,0.0341102,0.0355757
SKL,2023-01-24,0.0355773,0.0375246,0.0348446,0.0355861
SKL,2023-01-25,0.0355981,0.0361418,0.0331457,0.0344555
SKL,2023-01-26,0.0344469,0.0387207,0.0341822,0.036736
SKL,2023-01-27,0.0367273,0.0374582,0.0355918,0.036471
SKL,2023-01-28,0.0365518,0.0371897,0.0356189,0.0357772
SKL,2023-01-29,0.0357772,0.0368594,0.0351021,0.0364425
SKL,2023-01-30,0.0363908,0.0388247,0.0332327,0.0342024
SKL,2023-01-31,0.0342021,0.0350178,0.033417,0.0346835
SKL,2023-02-01,0.0346738,0.0375134,0.0328203,0.0373562
SKL,2023-02-02,0.0373132,0.040235,0.0368806,0.0380846
SKL,2023-02-03,0.0380756,0.0394371,0.0369091,0.0389947
SKL,2023-02-04,0.0390071,0.0410487,0.0389711,0.0400152
SKL,2023-02-05,0.0400152,0.0409028,0.0373317,0.0383106
SKL,2023-02-06,0.0383436,0.0386971,0.0366637,0.0375465
SKL,2023-02-07,0.0375355,0.0466544,0.0370397,0.0444801
SKL,2023-02-08,0.0444577,0.0445462,0.040175,0.0414743
SKL,2023-02-09,0.0414273,0.0452515,0.0382778,0.0385979
SKL,2023-02-10,0.0386009,0.069538,0.0380828,0.0576036
SKL,2023-02-11,0.057654,0.0672781,0.054364,0.055913
SKL,2023-02-12,0.0559096,0.0616635,0.0536517,0.0544884
SKL,2023-02-13,0.0561557,0.0569633,0.0486697,0.0489024
SKL,2023-02-14,0.0488834,0.0534602,0.04782,0.0516046
SKL,2023-02-15,0.0515986,0.0588806,0.0502496,0.0575114
SKL,2023-02-16,0.0575114,0.0606515,0.0535497,0.0536382
SKL,2023-02-17,0.0536512,0.0548147,0.0511711,0.0541094
SKL,2023-02-18,0.0541371,0.064811,0.0533182,0.0595755
SKL,2023-02-19,0.0595615,0.0640252,0.0585071,0.0598248
SKL,2023-02-20,0.0598062,0.0656443,0.0561713,0.0604754
SKL,2023-02-21,0.0605964,0.0614064,0.0551615,0.0561901
SKL,2023-02-22,0.0561625,0.0574015,0.0518008,0.0540007
SKL,2023-02-23,0.05402,0.0556201,0.0512336,0.0518073
SKL,2023-02-24,0.0518073,0.0529962,0.0468145,0.0474761
SKL,2023-02-25,0.0474225,0.0492109,0.045903,0.0475373
SKL,2023-02-26,0.0476919,0.050005,0.0475393,0.0491809
SKL,2023-02-27,0.049274,0.05057,0.0475947,0.0489084
SKL,2023-02-28,0.0490185,0.0501705,0.0463783,0.0472324
SKL,2023-03-01,0.047227,0.050493,0.0468696,0.0487653
SKL,2023-03-02,0.0487438,0.0489789,0.0454942,0.0472212
SKL,2023-03-03,0.0472108,0.0472298,0.0412773,0.043159
SKL,2023-03-04,0.043109,0.0442902,0.039727,0.0403548
SKL,2023-03-05,0.0403432,0.0422035,0.0401942,0.0416056
SKL,2023-03-06,0.041611,0.0427519,0.0400146,0.0423695
SKL,2023-03-07,0.0423455,0.0436741,0.0392325,0.040494
SKL,2023-03-08,0.040494,0.0409356,0.0377925,0.0379235
SKL,2023-03-09,0.0380142,0.0404345,0.0347827,0.0350972
SKL,2023-03-10,0.0350935,0.0372911,0.0337696,0.0369056
SKL,2023-03-11,0.0369119,0.0386293,0.0336952,0.0350452
SKL,2023-03-12,0.035084,0.0393785,0.0349733,0.039183
SKL,2023-03-13,0.0389164,0.0428386,0.0384036,0.0428163
SKL,2023-03-14,0.0426003,0.0470287,0.0414832,0.0447592
SKL,2023-03-15,0.0447362,0.0463152,0.0401698,0.0406239
SKL,2023-03-16,0.0406119,0.0424262,0.0404172,0.0412463
SKL,2023-03-17,0.0412496,0.0437748,0.0405852,0.0437554
SKL,2023-03-18,0.0437875,0.0465469,0.0426414,0.0431581
SKL,2023-03-19,0.0431541,0.045634,0.0423071,0.0447161
SKL,2023-03-20,0.0447021,0.0453873,0.0392886,0.0394906
SKL,2023-03-21,0.0395067,0.0416803,0.0382118,0.0408052
SKL,2023-03-22,0.0408248,0.041403,0.037017,0.0379818
SKL,2023-03-23,0.0379818,0.040593,0.0378306,0.0397369
SKL,2023-03-24,0.0396994,0.0445307,0.0392156,0.0415242
SKL,2023-03-25,0.04148,0.0433615,0.0391262,0.0393431
SKL,2023-03-26,0.0393591,0.0407286,0.0386631,0.039873
SKL,2023-03-27,0.0398938,0.0406513,0.0366043,0.0372805
SKL,2023-03-28,0.0372825,0.0385514,0.0366694,0.0379938
SKL,2023-03-29,0.0379628,0.0417034,0.0379604,0.0413334
SKL,2023-03-30,0.0413514,0.0419236,0.0388878,0.0396741
SKL,2023-03-31,0.0396937,0.041276,0.0388537,0.0408082
SKL,2023-04-01,0.0408266,0.0417547,0.0404745,0.0409772
SKL,2023-04-02,0.0409892,0.0417925,0.0387013,0.0390692
SKL,2023-04-03,0.0390772,0.0402694,0.0378897,0.0392877
SKL,2023-04-04,0.0392667,0.0429596,0.0388785,0.0422575
SKL,2023-04-05,0.0423852,0.0434086,0.0413289,0.0414189
SKL,2023-04-06,0.0413593,0.0418164,0.0401605,0.0412584
SKL,2023-04-07,0.0412204,0.0413978,0.0397609,0.0407651
SKL,2023-04-08,0.0407852,0.0414871,0.0403332,0.0405982
SKL,2023-04-09,0.0405318,0.0419111,0.0398781,0.0418941
SKL,2023-04-10,0.0419433,0.0431348,0.0406935,0.0428317
SKL,2023-04-11,0.0428477,0.0434144,0.0418236,0.041919
SKL,2023-04-12,0.0419155,0.0425523,0.0396391,0.0415284
SKL,2023-04-13,0.0414983,0.044272,0.0413269,0.0436669
SKL,2023-04-14,0.0436569,0.045766,0.0431752,0.044666
SKL,2023-04-15,0.044672,0.0454359,0.0438536,0.0439545
SKL,2023-04-16,0.0439811,0.054277,0.0435131,0.0520654
SKL,2023-04-17,0.052265,0.0523811,0.0456435,0.0482024
SKL,2023-04-18,0.0482404,0.0488919,0.0468454,0.0479021
SKL,2023-04-19,0.0479012,0.0496414,0.0427152,0.0436576
SKL,2023-04-20,0.0436946,0.0444511,0.0406151,0.0406451
SKL,2023-04-21,0.0406448,0.0414468,0.0382047,0.0386991
SKL,2023-04-22,0.0386407,0.0394814,0.0381353,0.0391605
SKL,2023-04-23,0.0391605,0.0396958,0.0377826,0.0382399
SKL,2023-04-24,0.0382729,0.0400816,0.038225,0.0390228
SKL,2023-04-25,0.0390132,0.0402503,0.0375704,0.0402273
SKL,2023-04-26,0.0402773,0.0419203,0.0374652,0.0389301
SKL,2023-04-27,0.0389775,0.0408163,0.0388824,0.0402487
SKL,2023-04-28,0.0402623,0.0404127,0.0383478,0.0389039
SKL,2023-04-29,0.0389119,0.0396748,0.0386377,0.0394749
SKL,2023-04-30,0.0394753,0.0395537,0.0376946,0.0380507
SKL,2023-05-01,0.0380183,0.0383149,0.0363113,0.0366655
SKL,2023-05-02,0.0366829,0.03769,0.0365387,0.0374268
SKL,2023-05-03,0.0374428,0.0382033,0.0362924,0.0380973
SKL,2023-05-04,0.0380943,0.0383889,0.0370008,0.0372644
SKL,2023-05-05,0.0372348,0.0383474,0.036663,0.0381157
SKL,2023-05-06,0.0381471,0.0384957,0.0351286,0.0353818
SKL,2023-05-07,0.035363,0.0357665,0.0343401,0.0348858
SKL,2023-05-08,0.0348957,0.0348957,0.0305511,0.0317051
SKL,2023-05-09,0.0316901,0.032288,0.0315234,0.0317807
SKL,2023-05-10,0.0318198,0.0329044,0.0306977,0.0323383
SKL,2023-05-11,0.0323303,0.0327254,0.0295836,0.0301101
SKL,2023-05-12,0.0301131,0.0312197,0.0296436,0.0311809
SKL,2023-05-13,0.0311669,0.0315439,0.0306813,0.0312267
SKL,2023-05-14,0.0312166,0.0320012,0.0307984,0.03168
SKL,2023-05-15,0.031704,0.032874,0.0313608,0.0322546
SKL,2023-05-16,0.0322956,0.0325885,0.0317172,0.0324562
SKL,2023-05-17,0.032457,0.0334787,0.0318629,0.0332656
SKL,2023-05-18,0.0332686,0.0333243,0.0315855,0.032442
SKL,2023-05-19,0.032436,0.0329796,0.0318856,0.0327235
SKL,2023-05-20,0.0326923,0.0332939,0.0323046,0.0329747
SKL,2023-05-21,0.0329489,0.0331051,0.0318589,0.0319011
SKL,2023-05-22,0.031928,0.0323814,0.031623,0.0322181
SKL,2023-05-23,0.0322065,0.0332293,0.0318833,0.033066
SKL,2023-05-24,0.0330987,0.033457,0.0315924,0.0323941
SKL,2023-05-25,0.0323861,0.0324431,0.0312618,0.0320826
SKL,2023-05-26,0.0320466,0.032103,0.0313989,0.031621
SKL,2023-05-27,0.0316523,0.0316761,0.0313617,0.0315697
SKL,2023-05-28,0.0315976,0.0324921,0.0315676,0.0324665
SKL,2023-05-29,0.0324725,0.033329,0.0324438,0.0327615
SKL,2023-05-30,0.0327615,0.0339926,0.0326284,0.0336971
SKL,2023-05-31,0.0337041,0.0342969,0.0321384,0.0325372
SKL,2023-06-01,0.0325532,0.033218,0.0321254,0.0330242
SKL,2023-06-02,0.0330282,0.0347883,0.0324501,0.034723
SKL,2023-06-03,0.034716,0.0349436,0.0338812,0.0338986
SKL,2023-06-04,0.0338795,0.0351062,0.0336768,0.034373
SKL,2023-06-05,0.034376,0.0346934,0.0283845,0.0290414
SKL,2023-06-06,0.0290507,0.0321761,0.0290467,0.0314961
SKL,2023-06-07,0.0314638,0.0318132,0.0297286,0.0299983
SKL,2023-06-08,0.029956,0.030103,0.029094,0.0293383
SKL,2023-06-09,0.0293303,0.031256,0.0288576,0.0290162
SKL,2023-06-10,0.0289788,0.0290255,0.0219831,0.024089
SKL,2023-06-11,0.02413,0.0254057,0.0236898,0.0249672
SKL,2023-06-12,0.0249672,0.025644,0.0240354,0.0255417
SKL,2023-06-13,0.025553,0.0261832,0.0248208,0.0248688
SKL,2023-06-14,0.024884,0.0251982,0.0233349,0.0236709
SKL,2023-06-15,0.0237069,0.0246336,0.023385,0.0244477
SKL,2023-06-16,0.0244487,0.0247979,0.0234873,0.0245306
SKL,2023-06-17,0.0245368,0.025847,0.0244391,0.0254336
SKL,2023-06-18,0.0254333,0.0255877,0.0243864,0.0245444
SKL,2023-06-19,0.0245504,0.0247666,0.0239271,0.0242252
SKL,2023-06-20,0.0242312,0.0253668,0.0235318,0.02517
SKL,2023-06-21,0.0251768,0.0274933,0.0251023,0.0269006
SKL,2023-06-22,0.026935,0.0278851,0.0261329,0.0267493
SKL,2023-06-23,0.0267846,0.0284365,0.0265088,0.027672
SKL,2023-06-24,0.0276583,0.0283589,0.0267765,0.0273132
SKL,2023-06-25,0.0273122,0.0290413,0.0272472,0.028205
SKL,2023-06-26,0.028216,0.0287371,0.0273581,0.0277418
SKL,2023-06-27,0.0278078,0.0286383,0.0273374,0.0284308
SKL,2023-06-28,0.0284404,0.0285851,0.0254716,0.0260547
SKL,2023-06-29,0.0260277,0.0270015,0.0256817,0.0259724
SKL,2023-06-30,0.0259639,0.0284043,0.0255719,0.0277945
SKL,2023-07-01,0.0277943,0.0284655,0.0274436,0.027713
SKL,2023-07-02,0.0277057,0.0282191,0.0271523,0.0277224
SKL,2023-07-03,0.0278825,0.029567,0.0277248,0.0291249
SKL,2023-07-04,0.0290857,0.029984,0.0285174,0.0292954
SKL,2023-07-05,0.0294152,0.029734,0.0276454,0.0282312
SKL,2023-07-06,0.0282122,0.0294788,0.0271342,0.0271958
SKL,2023-07-07,0.0271598,0.0278257,0.026841,0.0275428
SKL,2023-07-08,0.0275605,0.0279257,0.0270466,0.0272294
SKL,2023-07-09,0.0272194,0.0280062,0.0270638,0.0272496
SKL,2023-07-10,0.0273086,0.0283963,0.0260929,0.02767
SKL,2023-07-11,0.0279998,0.0281783,0.0271691,0.0273203
SKL,2023-07-12,0.0273051,0.0281566,0.0268808,0.0271088
SKL,2023-07-13,0.0270375,0.0299872,0.026943,0.0293544
SKL,2023-07-14,0.0293254,0.0301697,0.0277367,0.0282195
SKL,2023-07-15,0.0281618,0.0297946,0.0281618,0.0292118
SKL,2023-07-16,0.0292115,0.0293918,0.0284745,0.0286512
SKL,2023-07-17,0.0288876,0.029946,0.0283657,0.029664
SKL,2023-07-18,0.029688,0.0302721,0.0282655,0.0286053
SKL,2023-07-19,0.0286286,0.0295012,0.0285356,0.0290337
SKL,2023-07-20,0.0290487,0.030201,0.0285944,0.0286594
SKL,2023-07-21,0.0291417,0.0295355,0.028704,0.0293356
SKL,2023-07-22,0.0293633,0.0295291,0.0285577,0.0287969
SKL,2023-07-23,0.0287932,0.0289604,0.0279272,0.0287101
SKL,2023-07-24,0.0283844,0.0285407,0.0263597,0.0265231
SKL,2023-07-25,0.0264998,0.0265718,0.0254485,0.0255432
SKL,2023-07-26,0.0255482,0.0268862,0.024846,0.0265058
SKL,2023-07-27,0.0264658,0.027168,0.0259403,0.0266698
SKL,2023-07-28,0.0266118,0.0276887,0.0265918,0.0271365
SKL,2023-07-29,0.0271352,0.0279137,0.0268023,0.027305
SKL,2023-07-30,0.0273117,0.0278302,0.0267835,0.0270816
SKL,2023-07-31,0.0270606,0.0282725,0.0270199,0.0272374
SKL,2023-08-01,0.0272384,0.0279932,0.026171,0.0278618
SKL,2023-08-02,0.0278618,0.0290391,0.0274685,0.0277262
SKL,2023-08-03,0.0276889,0.0280506,0.0272661,0.0277345
SKL,2023-08-04,0.0277415,0.0279772,0.0265168,0.0266347
SKL,2023-08-05,0.0266177,0.0267586,0.02612,0.026318
SKL,2023-08-06,0.0263449,0.0278778,0.0263403,0.0271262
SKL,2023-08-07,0.0270719,0.0277316,0.0265841,0.0273023
SKL,2023-08-08,0.027286,0.0287891,0.0272711,0.0281398
SKL,2023-08-09,0.0281438,0.0283885,0.0278253,0.0279397
SKL,2023-08-10,0.0279457,0.028309,0.0273724,0.0274798
SKL,2023-08-11,0.0274858,0.0282018,0.0273442,0.0276456
SKL,2023-08-12,0.0276356,0.0285843,0.0275332,0.0282881
SKL,2023-08-13,0.0283039,0.0288537,0.0282379,0.0284865
SKL,2023-08-14,0.0284998,0.0285145,0.0273883,0.027836
SKL,2023-08-15,0.02777,0.0278093,0.0244445,0.0261876
SKL,2023-08-16,0.0261972,0.0262316,0.0232639,0.0232639
SKL,2023-08-17,0.0232681,0.0243473,0.0194618,0.02101
SKL,2023-08-18,0.0209998,0.0220661,0.0207702,0.0216822
SKL,2023-08-19,0.0216882,0.0224552,0.0216789,0.0219543
SKL,2023-08-20,0.0217095,0.0226656,0.0217035,0.0226069
SKL,2023-08-21,0.0226066,0.0226135,0.0211264,0.02176
SKL,2023-08-22,0.0217597,0.0220514,0.0206304,0.0209647
SKL,2023-08-23,0.0207339,0.0227409,0.0206158,0.0226387
SKL,2023-08-24,0.0226387,0.0226455,0.021273,0.0212761
SKL,2023-08-25,0.0211362,0.0219974,0.020983,0.021863
SKL,2023-08-26,0.0218598,0.0222515,0.0215657,0.0218152
SKL,2023-08-27,0.0217081,0.0222651,0.0217081,0.0220304
SKL,2023-08-28,0.0220914,0.0223139,0.0215434,0.0220329
SKL,2023-08-29,0.0220315,0.0230258,0.0198805,0.0226683
SKL,2023-08-30,0.0226581,0.0230215,0.0219108,0.022182
SKL,2023-08-31,0.0221618,0.0227032,0.0210586,0.0216012
SKL,2023-09-01,0.0216352,0.0218041,0.0207347,0.0211412
SKL,2023-09-02,0.0211412,0.0212661,0.0201766,0.020361
SKL,2023-09-03,0.0203608,0.0207966,0.0199506,0.0203183
SKL,2023-09-04,0.0203413,0.0211418,0.0202036,0.0206152
SKL,2023-09-05,0.020622,0.02181,0.020442,0.0216796
SKL,2023-09-06,0.0216164,0.0220081,0.0212716,0.0216888
SKL,2023-09-07,0.0217557,0.0224475,0.0215231,0.0224176
SKL,2023-09-08,0.0223715,0.0233416,0.0222233,0.0229338
SKL,2023-09-09,0.0229388,0.0236064,0.0228757,0.02319
SKL,2023-09-10,0.0230476,0.0233109,0.021683,0.0231242
SKL,2023-09-11,0.0231462,0.0233941,0.0210333,0.0215431
SKL,2023-09-12,0.0215681,0.0229283,0.0215229,0.0224762
SKL,2023-09-13,0.02248,0.0239944,0.0218511,0.0234167
SKL,2023-09-14,0.0234137,0.0241125,0.0229509,0.0230117
SKL,2023-09-15,0.0230475,0.023947,0.0228358,0.0237523
SKL,2023-09-16,0.0237763,0.0246658,0.02373,0.0241582
SKL,2023-09-17,0.0241792,0.0241892,0.022898,0.0230055
SKL,2023-09-18,0.0230195,0.0238748,0.0226264,0.0227166
SKL,2023-09-19,0.0226864,0.0241588,0.0221889,0.022779
SKL,2023-09-20,0.0227902,0.0229062,0.0224009,0.0227384
SKL,2023-09-21,0.0227484,0.0232757,0.022316,0.0225311
SKL,2023-09-22,0.0225151,0.0227921,0.0220759,0.0222534
SKL,2023-09-23,0.0222537,0.0225423,0.0217052,0.0217895
SKL,2023-09-24,0.0217793,0.021946,0.0214525,0.0215591
SKL,2023-09-25,0.0215589,0.0219177,0.0211378,0.0218168
SKL,2023-09-26,0.0217527,0.0220246,0.0216476,0.0217127
SKL,2023-09-27,0.0217127,0.0221323,0.0212947,0.0215261
SKL,2023-09-28,0.0215261,0.0223492,0.0213916,0.0219336
SKL,2023-09-29,0.0220583,0.0223242,0.0216884,0.0220396
SKL,2023-09-30,0.0221296,0.0224915,0.0220646,0.0223125
SKL,2023-10-01,0.0223125,0.0230853,0.0221459,0.0228225
SKL,2023-10-02,0.0228445,0.0235364,0.0219306,0.0223755
SKL,2023-10-03,0.0223645,0.0223645,0.021355,0.0215768
SKL,2023-10-04,0.0215785,0.0215855,0.0206677,0.0213754
SKL,2023-10-05,0.0213759,0.0214884,0.0208624,0.0210329
SKL,2023-10-06,0.0210329,0.0218591,0.0209516,0.0217807
SKL,2023-10-07,0.0217809,0.0219576,0.0214217,0.0215793
SKL,2023-10-08,0.0215893,0.0219055,0.0212624,0.0218234
SKL,2023-10-09,0.0218232,0.0221511,0.0204701,0.0209984
SKL,2023-10-10,0.0209792,0.0212527,0.0207413,0.0210343
SKL,2023-10-11,0.0210341,0.0212437,0.0202521,0.0203131
SKL,2023-10-12,0.0203151,0.0206802,0.019894,0.0205932
SKL,2023-10-13,0.0206132,0.0212539,0.0205202,0.0210494
SKL,2023-10-14,0.0210324,0.0216833,0.0207478,0.0212187
SKL,2023-10-15,0.0211945,0.0220091,0.0210594,0.0216489
SKL,2023-10-16,0.0216489,0.022427,0.0214119,0.0218229
SKL,2023-10-17,0.0218149,0.0219772,0.020289,0.0206676
SKL,2023-10-18,0.0206636,0.0216611,0.0203349,0.0204803
SKL,2023-10-19,0.0204973,0.0208452,0.0194394,0.019903
SKL,2023-10-20,0.019908,0.0208209,0.0198573,0.0206705
SKL,2023-10-21,0.0206725,0.0218482,0.0205158,0.0216906
SKL,2023-10-22,0.0216908,0.021879,0.0207082,0.0216103
SKL,2023-10-23,0.0216764,0.0226195,0.0214726,0.0223714
SKL,2023-10-24,0.0224324,0.0245247,0.0223074,0.0236302
SKL,2023-10-25,0.0235452,0.0247017,0.0232853,0.0239778
SKL,2023-10-26,0.0237937,0.0251498,0.0235951,0.024127
SKL,2023-10-27,0.024139,0.0245079,0.0231919,0.0236792
SKL,2023-10-28,0.0236774,0.0244024,0.0234919,0.0242079
SKL,2023-10-29,0.0242371,0.0246207,0.0238513,0.0245146
SKL,2023-10-30,0.0245263,0.0270802,0.0241948,0.0258625
SKL,2023-10-31,0.0258495,0.0271039,0.0247444,0.0255247
SKL,2023-11-01,0.0255137,0.0270481,0.0248282,0.0267536
SKL,2023-11-02,0.0267546,0.0270243,0.024997,0.0257243
SKL,2023-11-03,0.0257051,0.0266967,0.0248342,0.0266154
SKL,2023-11-04,0.0265874,0.0289186,0.0263636,0.0277253
SKL,2023-11-05,0.027739,0.0289241,0.0274335,0.0277382
SKL,2023-11-06,0.0277279,0.0288789,0.0277279,0.028732
SKL,2023-11-07,0.0288788,0.0289227,0.0265046,0.0275884
SKL,2023-11-08,0.0274136,0.0302092,0.0271192,0.0297969
SKL,2023-11-09,0.0298156,0.031068,0.0260715,0.0280853
SKL,2023-11-10,0.0281013,0.0305032,0.0276098,0.0301947
SKL,2023-11-11,0.0302277,0.0313772,0.0291198,0.0303686
SKL,2023-11-12,0.0303716,0.0319243,0.0292655,0.0311478
SKL,2023-11-13,0.0311635,0.0321608,0.0291394,0.0292452
SKL,2023-11-14,0.0292465,0.0294565,0.0267663,0.0281697
SKL,2023-11-15,0.0281379,0.0321725,0.0280388,0.0317893
SKL,2023-11-16,0.0317776,0.0338311,0.0310571,0.0313745
SKL,2023-11-17,0.0313274,0.0329333,0.0297958,0.0316928
SKL,2023-11-18,0.0317268,0.0331803,0.029741,0.0316755
SKL,2023-11-19,0.0317335,0.0444521,0.0316497,0.0415543
SKL,2023-11-20,0.0416323,0.0677657,0.0403142,0.0568892
SKL,2023-11-21,0.0570814,0.0691574,0.0506777,0.0516486
SKL,2023-11-22,0.0518287,0.0625711,0.0495835,0.0530049
SKL,2023-11-23,0.0529969,0.0545813,0.049944,0.0514762
SKL,2023-11-24,0.0515292,0.0534966,0.048642,0.0495321
SKL,2023-11-25,0.0495821,0.0505603,0.0466121,0.0471348
SKL,2023-11-26,0.0471408,0.0486742,0.0443687,0.0460435
SKL,2023-11-27,0.046058,0.0470216,0.0429662,0.0439539
SKL,2023-11-28,0.0438989,0.04478,0.0416389,0.0434972
SKL,2023-11-29,0.0434302,0.044654,0.0418615,0.0423831
SKL,2023-11-30,0.0424355,0.043627,0.0409117,0.0419806
SKL,2023-12-01,0.0419851,0.0439557,0.0417279,0.0426541
SKL,2023-12-02,0.0426756,0.0451364,0.042569,0.0442013
SKL,2023-12-03,0.0441829,0.0453164,0.0422981,0.0438248
SKL,2023-12-04,0.0437973,0.0478063,0.0419906,0.0422231
SKL,2023-12-05,0.0423091,0.0442903,0.0415197,0.0427541
SKL,2023-12-06,0.0427701,0.0436557,0.0398546,0.0401664
SKL,2023-12-07,0.0401538,0.0472679,0.0399766,0.045604
SKL,2023-12-08,0.045632,0.0470292,0.0442271,0.0445817
SKL,2023-12-09,0.0446087,0.0460904,0.044134,0.0455168
SKL,2023-12-10,0.0455508,0.0464172,0.0432172,0.0442443
SKL,2023-12-11,0.0442282,0.0443464,0.0383281,0.0417464
SKL,2023-12-12,0.0417164,0.0434033,0.0411091,0.0424753
SKL,2023-12-13,0.0424069,0.0433587,0.0404519,0.0430249
SKL,2023-12-14,0.0430529,0.0464626,0.0424839,0.0450762
SKL,2023-12-15,0.0448056,0.0448646,0.0419553,0.0421258
SKL,2023-12-16,0.0421078,0.0444975,0.0411999,0.0442251
SKL,2023-12-17,0.0441732,0.044812,0.0428247,0.0433433
SKL,2023-12-18,0.0433483,0.0433483,0.038936,0.0428481
SKL,2023-12-19,0.0428421,0.0483473,0.0427523,0.0472859
SKL,2023-12-20,0.0472634,0.0527243,0.0454249,0.049493
SKL,2023-12-21,0.049492,0.0527249,0.0469964,0.0516518
SKL,2023-12-22,0.0517198,0.0581246,0.0501685,0.0568689
SKL,2023-12-23,0.0569475,0.0577749,0.0537285,0.0545137
SKL,2023-12-24,0.0545873,0.0551534,0.050712,0.0518852
SKL,2023-12-25,0.0518952,0.0575207,0.0517431,0.0574806
SKL,2023-12-26,0.0574821,0.0735896,0.0568629,0.0645115
SKL,2023-12-27,0.0645695,0.0882793,0.0613679,0.0824881
SKL,2023-12-28,0.0822992,0.0917369,0.0772806,0.0776094
SKL,2023-12-29,0.0774853,0.0811286,0.0729191,0.0734537
SKL,2023-12-30,0.0733957,0.0754242,0.070049,0.0704309
SKL,2023-12-31,0.0704109,0.0721677,0.0676689,0.067804
SKL,2024-01-01,0.0681156,0.0715407,0.0665787,0.0703864
SKL,2024-01-02,0.0705144,0.096753,0.0692916,0.0836599
SKL,2024-01-03,0.0835687,0.104078,0.0822959,0.0962156
SKL,2024-01-04,0.0962645,0.0978471,0.086736,0.0939967
SKL,2024-01-05,0.0940208,0.102181,0.0816187,0.084828
SKL,2024-01-06,0.0849461,0.0891607,0.0767167,0.0806504
SKL,2024-01-07,0.0806043,0.0828408,0.0748038,0.0748139
SKL,2024-01-08,0.0747978,0.0819954,0.0691483,0.079898
SKL,2024-01-09,0.0797339,0.079855,0.0703309,0.0763857
SKL,2024-01-10,0.0764537,0.0969668,0.0753289,0.095981
SKL,2024-01-11,0.0958119,0.106793,0.0896763,0.0923985
SKL,2024-01-12,0.0922636,0.0989799,0.0842958,0.0879041
SKL,2024-01-13,0.0878635,0.0912157,0.0859988,0.0902033
SKL,2024-01-14,0.0901744,0.0922308,0.0850292,0.0855879
SKL,2024-01-15,0.0855659,0.0895491,0.0839714,0.0860008
SKL,2024-01-16,0.0860178,0.0885115,0.0840537,0.0866131
SKL,2024-01-17,0.0865921,0.0884942,0.0821709,0.0830159
SKL,2024-01-18,0.0829819,0.0845449,0.0773132,0.0790061
SKL,2024-01-19,0.0790261,0.0790261,0.0723657,0.0766381
SKL,2024-01-20,0.076678,0.0773908,0.0740456,0.075552
SKL,2024-01-21,0.075508,0.0772086,0.0744178,0.0747426
SKL,2024-01-22,0.0747346,0.075315,0.0673342,0.0686994
SKL,2024-01-23,0.0686405,0.0701244,0.0631105,0.0668991
SKL,2024-01-24,0.0668741,0.082207,0.0661557,0.0784952
SKL,2024-01-25,0.0782863,0.080045,0.0683774,0.0725758
SKL,2024-01-26,0.0726208,0.0776872,0.0715863,0.0771918
SKL,2024-01-27,0.077208,0.0830702,0.0755744,0.0769152
SKL,2024-01-28,0.0768852,0.0790408,0.0738479,0.0743891
SKL,2024-01-29,0.0743961,0.0776986,0.0737918,0.076909
SKL,2024-01-30,0.0768488,0.0779289,0.0752337,0.0762312
SKL,2024-01-31,0.0760952,0.0767435,0.0717763,0.0726643
SKL,2024-02-01,0.0726563,0.0732398,0.0706652,0.072316
SKL,2024-02-02,0.072332,0.0746932,0.0717538,0.0732751
SKL,2024-02-03,0.0732602,0.073872,0.0715665,0.0721715
SKL,2024-02-04,0.0721555,0.0726363,0.0705349,0.0708185
SKL,2024-02-05,0.0708195,0.0722597,0.0697234,0.0704586
SKL,2024-02-06,0.0704586,0.0722319,0.0698,0.0714498
SKL,2024-02-07,0.0714838,0.0762853,0.0712322,0.0734953
SKL,2024-02-08,0.0734653,0.0745386,0.0722713,0.0730666
SKL,2024-02-09,0.0730746,0.0841441,0.0727601,0.0787965
SKL,2024-02-10,0.0787504,0.0809723,0.0766827,0.0800662
SKL,2024-02-11,0.0800992,0.0808165,0.076628,0.0775097
SKL,2024-02-12,0.0775105,0.0814042,0.0755875,0.0804654
SKL,2024-02-13,0.0805316,0.0860552,0.0768988,0.0812047
SKL,2024-02-14,0.0812055,0.0874986,0.0800066,0.0857937
SKL,2024-02-15,0.0857937,0.100082,0.0857748,0.0936595
SKL,2024-02-16,0.094252,0.104012,0.0902551,0.0908599
SKL,2024-02-17,0.0908219,0.0920528,0.0870467,0.0874011
SKL,2024-02-18,0.0919475,0.0943789,0.0914801,0.0933603
SKL,2024-02-19,0.0932912,0.0947704,0.0910137,0.0931714
SKL,2024-02-20,0.0933474,0.0938246,0.0844642,0.0891278
SKL,2024-02-21,0.0892448,0.0905378,0.0820263,0.08503
SKL,2024-02-22,0.08517,0.0879081,0.0836784,0.0856117
SKL,2024-02-23,0.0859986,0.0890477,0.0824324,0.0862849
SKL,2024-02-24,0.0862008,0.0889728,0.0829984,0.088004
SKL,2024-02-25,0.088012,0.0891699,0.0854551,0.0862847
SKL,2024-02-26,0.0862847,0.0918428,0.0859399,0.0909451
SKL,2024-02-27,0.0909551,0.0978846,0.0906122,0.0931843
SKL,2024-02-28,0.0933593,0.0978441,0.0862672,0.094323
SKL,2024-02-29,0.0941128,0.112991,0.0939104,0.0947289
SKL,2024-03-01,0.0956464,0.113043,0.0956464,0.107155
SKL,2024-03-02,0.107141,0.12379,0.105917,0.109788
SKL,2024-03-03,0.109585,0.111966,0.103001,0.111276
SKL,2024-03-04,0.110834,0.123699,0.109952,0.115436
SKL,2024-03-05,0.113783,0.116906,0.0923059,0.0970799
SKL,2024-03-06,0.097174,0.105586,0.0969779,0.103676
SKL,2024-03-07,0.103641,0.10726,0.102213,0.103819
SKL,2024-03-08,0.103774,0.105493,0.095791,0.0999411
SKL,2024-03-09,0.0999772,0.103908,0.099627,0.101385
SKL,2024-03-10,0.10136,0.104726,0.098241,0.099307
SKL,2024-03-11,0.099407,0.107741,0.097194,0.10378
SKL,2024-03-12,0.103823,0.107775,0.0972534,0.102245
SKL,2024-03-13,0.102187,0.11448,0.10184,0.111548
SKL,2024-03-14,0.112726,0.113239,0.105531,0.110696
SKL,2024-03-15,0.110778,0.112326,0.097247,0.101537
SKL,2024-03-16,0.101655,0.103102,0.0873639,0.0895341
SKL,2024-03-17,0.0896409,0.0928019,0.0861058,0.0909439
SKL,2024-03-18,0.0909758,0.0920244,0.0834326,0.084161
SKL,2024-03-19,0.0841749,0.086264,0.0736717,0.0832966
SKL,2024-03-20,0.0834165,0.107338,0.0816695,0.100609
SKL,2024-03-21,0.099913,0.100819,0.0954719,0.0981244
SKL,2024-03-22,0.0980294,0.104274,0.093476,0.0973024
SKL,2024-03-23,0.0973014,0.101729,0.0973004,0.100433
SKL,2024-03-24,0.100344,0.120222,0.0984989,0.10703
SKL,2024-03-25,0.107036,0.119855,0.105506,0.116668
SKL,2024-03-26,0.116518,0.128336,0.11567,0.12028
SKL,2024-03-27,0.120281,0.123052,0.115038,0.117007
SKL,2024-03-28,0.116937,0.122671,0.113914,0.115676
SKL,2024-03-29,0.115792,0.135763,0.110997,0.124633
SKL,2024-03-30,0.124975,0.133609,0.118119,0.118606
SKL,2024-03-31,0.118653,0.121531,0.117477,0.120457
SKL,2024-04-01,0.120486,0.121954,0.113954,0.119586
SKL,2024-04-02,0.119556,0.119926,0.106268,0.113027
SKL,2024-04-03,0.113016,0.12642,0.109094,0.110301
SKL,2024-04-04,0.110086,0.12818,0.109766,0.122346
SKL,2024-04-05,0.12245,0.129489,0.113874,0.12145
SKL,2024-04-06,0.121408,0.12153,0.115394,0.116242
SKL,2024-04-07,0.116181,0.118433,0.114956,0.116306
SKL,2024-04-08,0.116241,0.120994,0.11573,0.12039
SKL,2024-04-09,0.120325,0.122146,0.113439,0.120996
SKL,2024-04-10,0.121032,0.123072,0.111029,0.116093
SKL,2024-04-11,0.116054,0.122331,0.113444,0.114558
SKL,2024-04-12,0.11452,0.119689,0.090353,0.0996609
SKL,2024-04-13,0.0996099,0.103032,0.0776307,0.0822716
SKL,2024-04-14,0.0823136,0.0931586,0.0803098,0.0887646
SKL,2024-04-15,0.0887476,0.104341,0.088016,0.0922547
SKL,2024-04-16,0.0922958,0.0974915,0.0893952,0.0967353
SKL,2024-04-17,0.0967373,0.0982456,0.0860404,0.0937277
SKL,2024-04-18,0.0937337,0.0963915,0.0878447,0.0927378
SKL,2024-04-19,0.0926528,0.0966957,0.082951,0.0933549
SKL,2024-04-20,0.0931457,0.0987025,0.0901512,0.0969401
SKL,2024-04-21,0.0969721,0.0995468,0.0942258,0.0968325
SKL,2024-04-22,0.0968735,0.100911,0.0960716,0.100118
SKL,2024-04-23,0.1001,0.104028,0.098099,0.101047
SKL,2024-04-24,0.101079,0.103749,0.0955269,0.0969647
SKL,2024-04-25,0.0969078,0.0971096,0.091711,0.0944992
SKL,2024-04-26,0.0945072,0.0945711,0.0882393,0.090001
SKL,2024-04-27,0.089963,0.090006,0.0851618,0.08773
SKL,2024-04-28,0.08775,0.0913114,0.0869484,0.0876954
SKL,2024-04-29,0.0877073,0.0880498,0.0828144,0.083461
SKL,2024-04-30,0.0835039,0.086113,0.0711566,0.0742406
SKL,2024-05-01,0.0742314,0.0791868,0.0709939,0.0760388
SKL,2024-05-02,0.0760488,0.0764938,0.072562,0.0752258
SKL,2024-05-03,0.075205,0.0791934,0.0728863,0.0788521
SKL,2024-05-04,0.0787571,0.0801672,0.0776848,0.0791011
SKL,2024-05-05,0.0792139,0.0813575,0.076635,0.0795195
SKL,2024-05-06,0.0795095,0.0819365,0.0761947,0.0771705
SKL,2024-05-07,0.0772268,0.0786466,0.075005,0.0755877
SKL,2024-05-08,0.0755877,0.0755877,0.0700894,0.070855
SKL,2024-05-09,0.070909,0.0727859,0.0689027,0.0721055
SKL,2024-05-10,0.0720665,0.0769555,0.0703559,0.0714736
SKL,2024-05-11,0.0715305,0.0736853,0.0706934,0.0709114
SKL,2024-05-12,0.0708874,0.0716683,0.0691076,0.069721
SKL,2024-05-13,0.069691,0.0724415,0.0664204,0.0689994
SKL,2024-05-14,0.0689624,0.0705989,0.0672047,0.0676506
SKL,2024-05-15,0.0676916,0.0730027,0.0667489,0.0722006
SKL,2024-05-16,0.0722276,0.0744316,0.0704644,0.0715604
SKL,2024-05-17,0.0715494,0.0753279,0.0706054,0.074368
SKL,2024-05-18,0.0744003,0.0757368,0.0735516,0.0751618
SKL,2024-05-19,0.0752008,0.0756189,0.070698,0.071196
SKL,2024-05-20,0.071231,0.0806066,0.0701073,0.0805646
SKL,2024-05-21,0.0805936,0.0964162,0.0801234,0.0906734
SKL,2024-05-22,0.0907325,0.0964539,0.0888182,0.0894355
SKL,2024-05-23,0.0903331,0.0915582,0.0839526,0.0901982
SKL,2024-05-24,0.0902641,0.0926869,0.0863636,0.0889173
SKL,2024-05-25,0.0889373,0.0922071,0.0882122,0.0896852
SKL,2024-05-26,0.089732,0.091753,0.0875542,0.0885602
SKL,2024-05-27,0.0886483,0.090298,0.0864943,0.0885316
SKL,2024-05-28,0.0884457,0.0887523,0.0831369,0.0850915
SKL,2024-05-29,0.0850456,0.0870537,0.0835487,0.0841224
SKL,2024-05-30,0.0840806,0.0854792,0.0813662,0.0819933
SKL,2024-05-31,0.0820333,0.0824122,0.0784144,0.0801155
SKL,2024-06-01,0.0800864,0.0805655,0.0787551,0.0792514
SKL,2024-06-02,0.0792745,0.0815473,0.0771149,0.0776518
SKL,2024-06-03,0.0776538,0.0809469,0.0767135,0.0770167
SKL,2024-06-04,0.0770519,0.0783752,0.0717522,0.072693
SKL,2024-06-05,0.072662,0.0790831,0.0724574,0.0776118
SKL,2024-06-06,0.077528,0.0790572,0.0736282,0.0745771
SKL,2024-06-07,0.0745721,0.0751809,0.0635095,0.0682454
SKL,2024-06-08,0.0683997,0.0701798,0.0654799,0.0659567
SKL,2024-06-09,0.0659811,0.066905,0.0649295,0.0660591
SKL,2024-06-10,0.0660476,0.0663814,0.0630867,0.0639117
SKL,2024-06-11,0.0638997,0.0640872,0.060316,0.0612791
SKL,2024-06-12,0.0613131,0.065743,0.06,0.0643688
SKL,2024-06-13,0.0644007,0.0704652,0.0622238,0.0665374
SKL,2024-06-14,0.0665614,0.0670548,0.0585996,0.0611142
SKL,2024-06-15,0.0622484,0.0658496,0.0617773,0.0636137
SKL,2024-06-16,0.0636107,0.0636887,0.0621906,0.0622442
SKL,2024-06-17,0.0622791,0.0635772,0.0569882,0.0599014
SKL,2024-06-18,0.0599174,0.0599474,0.0508953,0.0537684
SKL,2024-06-19,0.0537184,0.0560017,0.0529821,0.0553309
SKL,2024-06-20,0.0553169,0.0575454,0.053703,0.054823
SKL,2024-06-21,0.0547971,0.0556031,0.0529641,0.0541064
SKL,2024-06-22,0.0540615,0.0546192,0.0514007,0.0534796
SKL,2024-06-23,0.0534732,0.0547752,0.0518873,0.052821
SKL,2024-06-24,0.0528355,0.0528355,0.0481976,0.050601
SKL,2024-06-25,0.050637,0.0536349,0.050637,0.0530075
SKL,2024-06-26,0.0529815,0.0537343,0.0513586,0.0518417
SKL,2024-06-27,0.0517886,0.0534045,0.0502073,0.0533179
SKL,2024-06-28,0.053284,0.0534842,0.0503891,0.0509195
SKL,2024-06-29,0.0509265,0.0514736,0.0487984,0.0489886
SKL,2024-06-30,0.0489656,0.0504422,0.0479512,0.0498042
SKL,2024-07-01,0.0500029,0.0518076,0.0498007,0.0506467
SKL,2024-07-02,0.0506927,0.0507826,0.0485197,0.0493459
SKL,2024-07-03,0.049292,0.0496135,0.0460144,0.0466092
SKL,2024-07-04,0.0466552,0.0466946,0.0424366,0.0434347
SKL,2024-07-05,0.0434112,0.0436121,0.036087,0.037609
SKL,2024-07-06,0.037613,0.0426048,0.0373744,0.0419633
SKL,2024-07-07,0.0419938,0.04229,0.0399022,0.0408285
SKL,2024-07-08,0.0408239,0.043997,0.0387569,0.0418262
SKL,2024-07-09,0.0418512,0.043269,0.0415348,0.0430311
SKL,2024-07-10,0.0430311,0.044336,0.0419531,0.0421726
SKL,2024-07-11,0.0421656,0.0446029,0.0417797,0.0424927
SKL,2024-07-12,0.0424667,0.0433571,0.0411835,0.0426851
SKL,2024-07-13,0.0426911,0.0436723,0.0422968,0.0427723
SKL,2024-07-14,0.0428378,0.0452938,0.0424416,0.0452467
SKL,2024-07-15,0.0452958,0.0471786,0.0451042,0.0469605
SKL,2024-07-16,0.0469855,0.0492572,0.0456372,0.0482491
SKL,2024-07-17,0.0482851,0.0502401,0.0470544,0.0484624
SKL,2024-07-18,0.0484244,0.0493665,0.0470232,0.0477015
SKL,2024-07-19,0.047726,0.0515978,0.0463876,0.0510614
SKL,2024-07-20,0.0502356,0.0531831,0.0501135,0.0520028
SKL,2024-07-21,0.0520088,0.0530979,0.0495512,0.0523455
SKL,2024-07-22,0.052319,0.0530971,0.0498485,0.049896
SKL,2024-07-23,0.049865,0.0509241,0.0475352,0.0480248
SKL,2024-07-24,0.0480388,0.0484694,0.045446,0.0455378
SKL,2024-07-25,0.0455678,0.0459104,0.0432886,0.0450529
SKL,2024-07-26,0.0450133,0.048405,0.0448128,0.048253
SKL,2024-07-27,0.048252,0.0547785,0.0476825,0.0521984
SKL,2024-07-28,0.0524252,0.0539608,0.050059,0.0505804
SKL,2024-07-29,0.0505924,0.0528802,0.049767,0.0502035
SKL,2024-07-30,0.0501995,0.051523,0.0494162,0.0502289
SKL,2024-07-31,0.0508402,0.0547545,0.0486067,0.0492973
SKL,2024-08-01,0.0492623,0.0532839,0.0466275,0.0527807
SKL,2024-08-02,0.0526518,0.0559071,0.0487561,0.0493322
SKL,2024-08-03,0.0492243,0.0513751,0.0404505,0.0420895
SKL,2024-08-04,0.0420645,0.0448793,0.0400116,0.0416359
SKL,2024-08-05,0.0416339,0.0423567,0.0295365,0.0328712
SKL,2024-08-06,0.0328962,0.0381697,0.0324601,0.0347302
SKL,2024-08-07,0.0348042,0.0358065,0.0317187,0.0321632
SKL,2024-08-08,0.0321712,0.0352402,0.0313018,0.0351535
SKL,2024-08-09,0.0352306,0.035807,0.0337464,0.0343606
SKL,2024-08-10,0.0343687,0.0351602,0.0340361,0.0349266
SKL,2024-08-11,0.0349355,0.0366938,0.0326156,0.0330793
SKL,2024-08-12,0.0330913,0.03527,0.0324969,0.0343588
SKL,2024-08-13,0.0343184,0.0351484,0.0336274,0.0347612
SKL,2024-08-14,0.0347542,0.0349116,0.0332136,0.0336257
SKL,2024-08-15,0.033621,0.0343976,0.0319373,0.0321501
SKL,2024-08-16,0.0321751,0.0327713,0.0307018,0.032155
SKL,2024-08-17,0.0321785,0.033791,0.0318496,0.033137
SKL,2024-08-18,0.033137,0.0348215,0.0324999,0.0341868
SKL,2024-08-19,0.0341908,0.0352743,0.0332813,0.0349077
SKL,2024-08-20,0.0348187,0.0354003,0.0334684,0.0344303
SKL,2024-08-21,0.0344303,0.0358029,0.0336754,0.0355608
SKL,2024-08-22,0.0355938,0.036125,0.0347633,0.0354988
SKL,2024-08-23,0.0354978,0.0379368,0.0354094,0.0378219
SKL,2024-08-24,0.0378159,0.0404571,0.0374606,0.0379003
SKL,2024-08-25,0.0379197,0.0388326,0.0367755,0.0380953
SKL,2024-08-26,0.0380633,0.0382274,0.0347956,0.0351123
SKL,2024-08-27,0.0351023,0.0357259,0.032581,0.032985
SKL,2024-08-28,0.032967,0.033661,0.0309542,0.0317939
SKL,2024-08-29,0.0317869,0.0331533,0.0309429,0.0313017
SKL,2024-08-30,0.0313047,0.0319241,0.0299391,0.0314769
SKL,2024-08-31,0.0314796,0.0319427,0.0306405,0.0311341
SKL,2024-09-01,0.0311281,0.0311481,0.0298085,0.0303445
SKL,2024-09-02,0.0303565,0.0330441,0.0293631,0.0323925
SKL,2024-09-03,0.0323695,0.0324525,0.0304736,0.0313192
SKL,2024-09-04,0.0313057,0.0319867,0.0292,0.0315219
SKL,2024-09-05,0.0315145,0.0317858,0.0296737,0.0299042
SKL,2024-09-06,0.029945,0.0308592,0.0282513,0.0290909
SKL,2024-09-07,0.0290699,0.030032,0.028913,0.0293861
SKL,2024-09-08,0.0294052,0.0304391,0.0290178,0.029813
SKL,2024-09-09,0.0298189,0.0320718,0.0297381,0.0317247
SKL,2024-09-10,0.0317197,0.0321125,0.0309791,0.0319768
SKL,2024-09-11,0.0319968,0.0322484,0.0305791,0.0317099
SKL,2024-09-12,0.0316757,0.0343597,0.0315045,0.0331233
SKL,2024-09-13,0.0331543,0.0337365,0.032387,0.0336515
SKL,2024-09-14,0.0336685,0.0338846,0.0330702,0.03347
SKL,2024-09-15,0.0334403,0.0338551,0.0319795,0.0323613
SKL,2024-09-16,0.0323903,0.0324332,0.0306095,0.0306892
SKL,2024-09-17,0.0306882,0.033031,0.03003,0.0322349
SKL,2024-09-18,0.0322819,0.033143,0.0313404,0.0324
SKL,2024-09-19,0.0324062,0.0359977,0.0322553,0.0349358
SKL,2024-09-20,0.0349348,0.0362994,0.0343216,0.0347551
SKL,2024-09-21,0.0347479,0.0378978,0.033966,0.0361226
SKL,2024-09-22,0.0361576,0.0368513,0.0341693,0.034499
SKL,2024-09-23,0.0344836,0.0364807,0.0339634,0.0354822
SKL,2024-09-24,0.0354812,0.0378883,0.0343845,0.0376881
SKL,2024-09-25,0.0377369,0.0391858,0.0372968,0.0378416
SKL,2024-09-26,0.0378406,0.0393612,0.0364062,0.0384568
SKL,2024-09-27,0.0384568,0.0475678,0.0382398,0.0453582
SKL,2024-09-28,0.0453502,0.0466586,0.0424528,0.0426547
SKL,2024-09-29,0.0426515,0.0440446,0.042036,0.0434276
SKL,2024-09-30,0.0433793,0.0438063,0.0403701,0.0410559
SKL,2024-10-01,0.0410129,0.0413196,0.0353201,0.0363815
SKL,2024-10-02,0.0364535,0.0375174,0.0340783,0.0351349
SKL,2024-10-03,0.0351025,0.0362663,0.033515,0.0355787
SKL,2024-10-04,0.0355947,0.0386643,0.0344071,0.0381066
SKL,2024-10-05,0.0380326,0.0381402,0.0361032,0.0362736
SKL,2024-10-06,0.03629,0.0381905,0.0362536,0.0371517
SKL,2024-10-07,0.0371227,0.0392313,0.0366366,0.0378566
SKL,2024-10-08,0.0378256,0.0379476,0.034998,0.036121
SKL,2024-10-09,0.0360672,0.0360892,0.0330282,0.0336394
SKL,2024-10-10,0.0335894,0.034473,0.032381,0.0332141
SKL,2024-10-11,0.0332121,0.0364182,0.0330532,0.0361339
SKL,2024-10-12,0.0361343,0.0367114,0.0355892,0.036494
SKL,2024-10-13,0.0365447,0.0372222,0.0348636,0.0359972
SKL,2024-10-14,0.0360146,0.0401216,0.0357393,0.0386838
SKL,2024-10-15,0.0387522,0.0407366,0.0380251,0.0386493
SKL,2024-10-16,0.0386733,0.0392052,0.0367304,0.038078
SKL,2024-10-17,0.03801,0.0385779,0.035565,0.0367012
SKL,2024-10-18,0.0366898,0.0431857,0.0366342,0.0405827
SKL,2024-10-19,0.0405867,0.0427107,0.0398898,0.0399938
SKL,2024-10-20,0.0399978,0.0445026,0.0396833,0.0427209
SKL,2024-10-21,0.0427588,0.0442884,0.0397139,0.0411757
SKL,2024-10-22,0.0411767,0.0421336,0.0396604,0.040262
SKL,2024-10-23,0.040304,0.0406037,0.0368164,0.0378878
SKL,2024-10-24,0.0379392,0.040421,0.0376865,0.0390692
SKL,2024-10-25,0.0390785,0.0393566,0.0356146,0.0361452
SKL,2024-10-26,0.0361239,0.0361957,0.0332404,0.0343689
SKL,2024-10-27,0.0343509,0.0355793,0.0341382,0.0353661
SKL,2024-10-28,0.0354042,0.0360361,0.0340494,0.0349265
SKL,2024-10-29,0.0349395,0.0388766,0.034827,0.0377243
SKL,2024-10-30,0.0377303,0.038471,0.0364959,0.0367372
SKL,2024-10-31,0.0367422,0.0369321,0.034021,0.0347494
SKL,2024-11-01,0.0347029,0.0359969,0.0334433,0.0338316
SKL,2024-11-02,0.0338107,0.0345294,0.0327295,0.0329324
SKL,2024-11-03,0.0329458,0.033276,0.0308775,0.0319235
SKL,2024-11-04,0.0319272,0.0323699,0.0296746,0.0303333
SKL,2024-11-05,0.0304618,0.0329511,0.0303944,0.0324641
SKL,2024-11-06,0.0324811,0.0382019,0.0324411,0.0381008
SKL,2024-11-07,0.0380738,0.0405083,0.0377561,0.0384042
SKL,2024-11-08,0.0383852,0.0394006,0.0376338,0.0383859
SKL,2024-11-09,0.0383539,0.0411725,0.0374755,0.0403387
SKL,2024-11-10,0.0403931,0.0433078,0.0395564,0.0418474
SKL,2024-11-11,0.0418094,0.0438552,0.0408064,0.042634
SKL,2024-11-12,0.0426045,0.0444055,0.0385913,0.0417901
SKL,2024-11-13,0.0418122,0.0424835,0.0372496,0.0388977
SKL,2024-11-14,0.0388707,0.0413073,0.0374891,0.0390057
SKL,2024-11-15,0.0389833,0.0397657,0.0365166,0.0395279
SKL,2024-11-16,0.0395185,0.0430317,0.039224,0.0425379
SKL,2024-11-17,0.0424649,0.0482625,0.04045,0.0408596
SKL,2024-11-18,0.0408546,0.0501466,0.0405886,0.0479491
SKL,2024-11-19,0.0479932,0.0546895,0.0469432,0.0474968
SKL,2024-11-20,0.0475563,0.0485988,0.0446461,0.0459077
SKL,2024-11-21,0.0459347,0.054433,0.045406,0.0516815
SKL,2024-11-22,0.0517026,0.0539567,0.0497322,0.0525836
SKL,2024-11-23,0.0526026,0.0599317,0.0520467,0.0585372
SKL,2024-11-24,0.05844,0.065298,0.0568419,0.0622892
SKL,2024-11-25,0.0623133,0.0625185,0.0567733,0.0593332
SKL,2024-11-26,0.0593452,0.0612195,0.0541842,0.0576077
SKL,2024-11-27,0.0574917,0.07431,0.0569981,0.0657967
SKL,2024-11-28,0.0657597,0.0799598,0.0655635,0.0734167
SKL,2024-11-29,0.0732067,0.0859357,0.0715832,0.0855656
SKL,2024-11-30,0.0853853,0.0855317,0.0769283,0.079939
SKL,2024-12-01,0.079938,0.0821306,0.0772736,0.0794805
SKL,2024-12-02,0.0794983,0.0799479,0.0717321,0.074896
SKL,2024-12-03,0.0748112,0.0796838,0.0717298,0.0782504
SKL,2024-12-04,0.0781688,0.0855771,0.0764581,0.0809221
SKL,2024-12-05,0.0809692,0.0846387,0.0748594,0.0801894
SKL,2024-12-06,0.0802422,0.0825338,0.0758893,0.0804299
SKL,2024-12-07,0.0804449,0.0819299,0.0782424,0.0787131
SKL,2024-12-08,0.078637,0.0812752,0.0766375,0.0799918
SKL,2024-12-09,0.0799437,0.0800418,0.0603027,0.0636491
